{
  "BLEU-1": 18.757062146892657,
  "BLEU-4": 7.452732596974468,
  "ROUGE-L": 23.56512349202847,
  "METEOR": 31.234242608323786,
  "CIDEr": 2.075508364380777,
  "avg_len": 44.25,
  "num_test": 20,
  "caption_field_used": "captions_en"
}
